{"cameraMode":{"drawMode":0,"name":"Shaded","section":"Shading Mode"},"sceneLighting":false,"audioPlay":false,"sceneViewState":{"showFog":true,"showMaterialUpdate":false,"showSkybox":false,"showFlares":true,"showImageEffects":true,"showParticleSystems":true},"in2DMode":false,"pivot":{"x":0.8841902613639832,"y":1.7515010833740235,"z":0.0},"rotation":{"x":-0.09166176617145539,"y":-0.020314525812864305,"z":0.0018676739418879152,"w":-0.9955847263336182},"size":16.41646957397461,"orthographic":false}